013070**** - ГД "Гранична полиция",01,02,03,05,10,18,20,30,40,50,60,70,80,88,89,90,91,92,93,94,95,96,97,98,99,sum
2012-08-02,,,,,5560,,,,,,,,,,,,,,,,,,,,,5560
2012-08-03,1200,,942.99,,36300.38,,,,,,,,,,,14799.69,,,,,,,,,,53243.06
2012-08-06,412,,,,20331.89,,,,,1450.62,,,,,,1716.03,,,,,,,,,,23910.54
2012-08-07,,,,,7941.9,,,,,,,,,,,157.7,,,,,,,,,,8099.6
2012-08-08,,,,,48027.98,,1496,,,,,,,,,3685.71,,,,,,,,,,53209.69
2012-08-09,3850,,,,641.4,,,,,,,,,,,1089.54,,,,,,,,,,5580.94
2012-08-10,229630,,,,1243.14,,,,,,,,,,,896.99,,,,,,,,,,231770.13
2012-08-13,,,25256.94,,8960.86,,,,,,,,,,,10074.36,,,,,,,,,,44292.16
2012-08-14,246,,,,24900.85,,,,,,,,,,,,,,,,,,,,,25146.85
2012-08-15,9169.92,,,,498.17,,,,,,,,,,,298.89,,,,,,,,,,9966.98
2012-08-16,,,,,35820.46,,,,,,,,,,,,,,,,,,,,,35820.46
2012-08-17,,,4248.05,,5162.12,,,,,,,,,,,,,,,,,,,,,9410.17
2012-08-20,800,,,,637,,,,,,,,,,,2247.38,,,,,,,,,,3684.38
2012-08-21,,,,,812.37,,,,,,,,,,,2000,,,,,,,,,,2812.37
2012-08-22,2466403.31,272919.05,60410.79,,8504.67,,,,,,,,,,,,,,,,,,,,,2808237.82
2012-08-23,1506203.75,169672.57,158382.23,,28057.07,,,,,,,,,,,,,,,,,,,,,1862315.62
2012-08-24,954704.09,103712.82,41338.34,,253894.38,,4.81,,,,,,,,,0.8,,,,,,,,,,1353655.24
2012-08-27,,,,,724.89,,,,,,,,,,,2822.01,,,,,,,,,,3546.9
2012-08-28,28135,,,,37550.78,,,,,,,,,,,,,,,,,,,,,65685.78
2012-08-29,492,,,,8615.98,,,,,,,,,,,188.28,,,,,,,,,,9296.26
2012-08-30,,,,,4874.19,,,,,,,,,,,,,,,,,,,,,4874.19
2012-08-31,,,,,15301.36,,,,,,,,,,,,,,,,,,,,,15301.36
2012-09-04,,,,,1800,,,,,,,,,,,,,,,,,,,,,1800
2012-09-05,,,,,33902.33,,,,,,,,,,,5242.11,,,,,,,,,,39144.44
2012-09-07,91236.6,,,,160987.48,,,,,,,,,,,15889.48,,,,,,,,,,268113.56
2012-09-10,157.81,,,,3128.88,,,,,,,,,,,10494.33,,,,,,,,,,13781.02
2012-09-11,57290,,,,7874.46,,,,,,,,,,,1588.98,,,,,,,,,,66753.44
2012-09-12,176570,,,,9584.03,,,,,,,,,,,,,,,,,,,,,186154.03
2012-09-13,,,,,16663.93,,,,,,,,,,,4781.69,,,,,,,,,,21445.62
2012-09-14,1035.07,83.93,,,19972.93,,,,,,,,,,,8760.29,,,,,,,,,,29852.22
2012-09-17,,,,,1907.21,,,,,,,,,,,,,,,,,,,,,1907.21
2012-09-18,,,,,98,,,,,,,,,,,1036.3,,,,,,,,,,1134.3
2012-09-19,,,,,3823.05,,3.48,,,,,,,,,935.18,,,,,,,,,,4761.71
2012-09-20,,82.21,,,15701.41,,,,,,,,,,,,,,,,,,,,,15783.62
2012-09-21,1530825.5,170230.06,50063.36,,11207.52,,,,,,,,,,,,,,,,,,,,,1762326.44
2012-09-24,2297807.86,242224.77,155195.3,,2000,,,,,,,,,,,,,,,,,,,,,2697227.93
2012-09-25,1192214.1,129904.86,53182.79,,23154.18,,,,,,,,,,,,,,,,,,,,,1398455.93
2012-09-26,6276.14,99.37,,499737.42,,,1718.94,,,507831.87
2012-09-28,4644.54,,,,44509.65,,,,,,,,,,,,,,,,,,,,,49154.19
2012-09-29,413.93,,,,13408,,,,,,,,,,346.16,,,,,,,,,,,14168.09
2012-10-02,,,,,30820,,,,,,,,,,,,,,,,,,,,,30820
2012-10-03,412,,,,12462.6,,,,,,,,,,,22811.51,,,,,,,,,,35686.11
2012-10-05,,,,,13244.28,,,,,,,,,,,777.6,,,,,,,,,,14021.88
2012-10-06,,,,,3700.24,,,,,,,,,,,2899.37,,,,,,,,,,6599.61
2012-10-08,,,,,20662.67,,,,,,,,,,,,,,,,,,,,,20662.67
2012-10-09,97510,,,,4638.88,,,,,,,,,,,,,,,,,,,,,102148.88
2012-10-10,94955,,,,3522.76,,,,,,,,,,,,,,,,,,,,,98477.76
2012-10-11,41785,,,,41890.83,,,,,,,,,,,,,,,,,,,,,83675.83
2012-10-12,7438.86,359.18,,,16996.18,,,,,,,,,,,1085.64,,,,,,,,,,25879.86
2012-10-15,2976.72,160.28,,,65870.04,,,,,,,,,,,25924.2,,,,,,,,,,94931.24
2012-10-16,,,,,47000.57,,,,,,,,,,,,,,,,,,,,,47000.57
2012-10-17,,,,,43408.29,,,,,,,,,,,,,,,,,,,,,43408.29
2012-10-18,,,,,41766.46,,,,,,,,,,,,,,,,,,,,,41766.46
2012-10-19,,,,,22866.62,,,,,,,,,,,,,,,,,,,,,22866.62
2012-10-22,953890.02,108633.3,31655.01,,10440,,,,,,,,,,,,,,,,,,,,,1104618.33
2012-10-23,3003107.85,337080.41,176144.9,,10593.21,,,,,,,,,,,,,,,,,,,,,3526926.37
2012-10-24,1235526.21,132338.03,52461.44,,4864.94,,,,,,,,,,,,,,,,,,,,,1425190.62
2012-10-25,6773.8,,,,2956,,,,,,,,,,,,,,,,,,,,,9729.8
2012-10-26,438.93,,,,81129.91,,,,,,,,,,,,,,,,,,,,,81568.84
2012-10-29,5467.59,157.39,,,139166.05,,,,,,,,,,,920,,,,,,,,,,145711.03
2012-10-30,,,,,1852.94,,,,,,,,,,,,,,,,,,,,,1852.94
2012-10-31,,,,,64706.93,,,,,,,,,,,,,,,,,,,,,64706.93
2012-11-05,188.7,15.3,,,43209.01,,,,,,,,,,,35386.96,,,,,,,,,,78799.97
2012-11-06,,,,,7490.94,,,,,,,,,,,,,,,,,,,,,7490.94
2012-11-07,261,,,,36438.8,,,,,,,,,,,4205.43,,,,,,,,,,40905.23
2012-11-08,17360,,,,8005.47,,,,,,,,,,,5765.57,,,,,,,,,,31131.04
2012-11-09,218647.58,,,,8106.95,,,,,,,,,,,3108.65,,,,,,,,,,229863.18
2012-11-12,,,,,9132.22,,,,,,,,,,,,,,,,,,,,,9132.22
2012-11-13,,,,,17409.86,,,,,,,,,,,,,,,,,,,,,17409.86
2012-11-15,,,,,8612.17,,,,,,,,,,,23681.99,,,,,,,,,,32294.16
2012-11-16,,9.45,,,13423.15,,,,,,,,,,,291.36,,,,,,,,,,13723.96
2012-11-19,,,,,24432,,,,,,,,,,,,,,,,,,,,,24432
2012-11-20,515.5,22.5,,,14594.57,,,,,,,,,,,,,,,,,,,,,15132.57
2012-11-21,3323849.45,373131.41,179357.41,,,,,,,,,,,,,,,,,,,,,,,3876338.27
2012-11-22,278475.36,34502.02,23686.94,,1386.83,,,,,,,,,,,,,,,,,,,,,338051.15
2012-11-23,1219701.25,129964.69,52487.41,,10248.32,,,,,,,,,,,,,,,,,,,,,1412401.67
2012-11-26,23962.32,,,,55158.42,,,,,,,,,,,2523.93,,,,,,,,,,81644.67
2012-11-27,,,,,32078.89,,,,,,,,,,,1500,,,,,,,,,,33578.89
2012-11-28,206,,,,13699.38,,,,,,,,,,,,,,,,,,,,,13905.38
2012-11-29,597.89,37.11,,,8439.59,,,,,,,,,,,,,,,,,,,,,9074.59
2012-11-30,,,,,8868.77,,,,,,,,,,,401.41,,,,,,,,,,9270.18
2012-12-10,12552.23,73.95,,,97312.12,,,,,,,,,,,1645.1,,,,,,,,,,111583.4
2012-12-11,28716,,,,3913.64,,,,,,,,,,,6238.72,,,,,,,,,,38868.36
2012-12-12,6778,,,,31364.1,,,,,,,,,,,20569.04,,,,,,,,,,58711.14
2012-12-13,2718,,,,63691.95,,,,,33777.82,,,,,,,,,,,,,,,,100187.77
2012-12-14,,,,,78135.67,,,,,,,,,,,,,,,,,,,,,78135.67
2012-12-15,4673998.53,504913.4,202423.67,,5711.83,,,,,,,,,,,944.88,,,,,,,,,,5387992.31
2012-12-17,715261.75,75765.46,34013.24,,323949.43,,,,,,,,,,,3816.19,,,,,,,,,,1152806.07
2012-12-18,798079.2,84377.1,17990.46,,1456655.95,,,,,17628,,,,,,5734.49,,,,,,,,,,2380465.2
2012-12-19,3304,,,,10737.62,,,,,,,,,,,,,,,,,,,,,14041.62
2012-12-20,2800,,,,17839.94,,,,,9047,,,,,,1848.5,,,,,,,,,,31535.44
2012-12-21,166.67,,,,15464.1,,,,,13264.04,,,,,,952.65,,,,,,,,,,29847.46
2013-01-07,,,,,71261.55,,,,,,,,,,,10121.7,,,,,,,,,,81383.25
2013-01-08,,,,,3933.08,,,,,,,,,,,2615.87,,,,,,,,,,6548.95
2013-01-09,203657,,,,5731.04,,,,,,,,,,,1097.08,,,,,,,,,,210485.12
2013-01-10,62719.4,,,,13409.92,,,,,,,,,,,2004.84,,,,,,,,,,78134.16
2013-01-11,,,,,7928.48,,,,,,,,,,,,,,,,,,,,,7928.48
2013-01-14,,,,,18315.63,,,,,,,,,,,3755.84,,,,,,,,,,22071.47
2013-01-15,1792,,,,13569.13,,,,,,,,,,,,,,,,,,,,,15361.13
2013-01-16,,,,,11130.67,,,,,,,,,,,7667.97,,,,,,,,,,18798.64
2013-01-17,2666.88,,,,7050.03,,,,,,,,,,,505.34,,,,,,,,,,10222.25
2013-01-18,,,,,9108.65,,,,,,,,,,,1075.57,,,,,,,,,,10184.22
2013-01-21,,,,,1675.97,,,,,,,,,,,1548.25,,,,,,,,,,3224.22
2013-01-22,,,,,6853.96,,,,,,,,,,,2189.58,,,,,,,,,,9043.54
2013-01-23,3917097.43,,185442.73,,,,,,,,,,,,,,,,,,,,,,,4102540.16
2013-01-24,982458.07,,57304.05,,6825.35,,,,,,,,,,,2498.43,,,,,,,,,,1049085.9
2013-01-25,834026.2,,18334.68,,10060.06,,,,,,,,,,,53.15,,,,,,,,,,862474.09
2013-01-28,,,,,269232.3,,,,,,,,,,,,,,,,,,,,,269232.3
2013-01-29,28447.14,,,,60320.52,,,,,,,,,,,3817.84,,,,,,,,,,92585.5
2013-01-30,,,,,55018.09,,,,,,,,,,,2340,,,,,,,,,,57358.09
2013-01-31,,,,,19905.28,,,,,,,,,,,,,,,,,,,,,19905.28
2013-02-05,416.25,,,,232951.29,,,,,,,,,,,2328.9,,,,,,,,,,235696.44
2013-02-06,,,,,4260.09,,,,,,,,,,,13173.39,,,,,,,,,,17433.48
2013-02-07,980.02,,,,18203.01,,,,,,,,,,,843.85,,,,,,,,,,20026.88
2013-02-08,207940,,,,23051.78,,,,,,,,,,,2801.08,,,,,,,,,,233792.86
2013-02-11,32190,,,,25451.37,,,,,,,,,,,,,,,,,,,,,57641.37
2013-02-12,,,,,271.4,,,,,,,,,,,,,,,,,,,,,271.4
2013-02-13,,,,,2903.69,,,,,,,,,,,7146.01,,,,,,,,,,10049.7
2013-02-14,,,,,8951.49,,,,,,,,,,,186.64,,,,,,,,,,9138.13
2013-02-15,68,,,,10110.64,,,,,,,,,,,5489.29,,,,,,,,,,15667.93
2013-02-18,,,,,7159.02,,,,,,,,,,,50.26,,,,,,,,,,7209.28
2013-02-19,,,,,851.78,,,,,,,,,,,,,,,,,,,,,851.78
2013-02-20,,,,,5448.19,,,,,,,,,,,2292.27,,,,,,,,,,7740.46
2013-02-21,3209465.89,,84320.3,,193.4,,,,,,,,,,,,,,,,,,,,,3293979.59
2013-02-22,2068531.23,,178674.16,,1665.2,,,,,,,,,,,,,,,,,,,,,2248870.59
2013-02-26,29832.16,,,,270451.58,,,,,,,,,,,1842.94,,,,,,,,,,302126.68
2013-02-27,5412.06,,2486.57,,131990.05,,,,,,,,,,,2156,,,,,,,,,,142044.68
2013-02-28,,,,,18448.85,,,,,,,,,,,5801.82,,,,,,,,,,24250.67
2013-03-01,,,,,4458.52,,,,,,,,,,,,,,,,,,,,,4458.52
2013-03-04,,,,,450,,,,,,,,,,,,,,,,,,,,,450
2013-03-06,,,250,,49640,,,,,,,,,,,15275.29,,,,,,,,,,65165.29
2013-03-07,,,,,20680.51,,,,,,,,,,,,,,,,,,,,,20680.51
2013-03-08,242100,,,,1144.84,,,,,,,,,,,,,,,,,,,,,243244.84
2013-03-12,,,,,43208.11,,,,,,,,,,,5112.38,,,,,,,,,,48320.49
2013-03-13,,,,,16481.2,,,,,,,,,,,,,,,,,,,,,16481.2
2013-03-14,,,,,35734.44,,,,,,,,,,,,,,,,,,,,,35734.44
2013-03-15,,,,,42678.74,,,,,,,,,,,10346.95,,,,,,,,,,53025.69
2013-03-18,,,,,23243.22,,,,,,,,,,,2300,,,,,,,,,,25543.22
2013-03-20,,,,,6041.69,,,,,,,,,,,,,,,,,,,,,6041.69
2013-03-21,3051454.47,,167890.88,,7508.2,,,,,,,,,,,,,,,,,,,,,3226853.55
2013-03-22,2140997.01,,96311.85,,2500,,,,,,,,,,,3600.48,,,,,,,,,,2243409.34
2013-03-25,,,,,449880.26,,,,,256391.52,,,,,,2477.96,,,,,,,,,,708749.74
2013-03-26,29346.62,,365.43,,44625.25,,,,,,,,,,,1547.17,,,,,,,,,,75884.47
2013-03-27,167,,,,77016.76,,,,,,,,,,,,,,,,,,,,,77183.76
2013-03-28,1000,,,,70779.8,,,,,,,,,,,,,,,,,,,,,71779.8
2013-03-29,9524.84,,,,33014.58,,,,,,,,,,,244.92,,,,,,,,,,42784.34
2013-04-02,,,,,31040,,,,,,,,,,,,,,,,,,,,,31040
2013-04-04,,,,,72431.51,,,,,247325.16,,,,,,14359.49,,,,,,,,,,334116.16
2013-04-05,,,,,7401.87,,,,,,,,,,,439.4,,,,,,,,,,7841.27
2013-04-08,,,,,11767.88,,,,,,,,,,,1940.55,,,,,,,,,,13708.43
2013-04-09,208350,,,,93879.46,,,,,,,,,,,3653.73,,,,,,,,,,305883.19
2013-04-10,351460.56,,,,,,,,,,,,,,,,,,,,,,,,,351460.56
2013-04-11,188176.45,,,,13585.48,,,,,,,,,,,1980.98,,,,,,,,,,203742.91
2013-04-12,89208.95,,,,5390.59,,,,,,,,,,,339.14,,,,,,,,,,94938.68
2013-04-15,2400,,,,34450.5,,,,,,,,,,,7463.87,,,,,,,,,,44314.37
2013-04-16,,,,,2566.06,,,,,,,,,,,,,,,,,,,,,2566.06
2013-04-17,,,,,10101.36,,,,,,,,,,,4526.96,,,,,,,,,,14628.32
2013-04-18,1387.5,,,,10665.38,,,,,,,,,,,256.74,,,,,,,,,,12309.62
2013-04-19,,,,,28627.31,,,,,,,,,,,,,,,,,,,,,28627.31
2013-04-22,,,,,27867.21,,,,,,,,,,,589.78,,,,,,,,,,28456.99
2013-04-23,4492608.93,,229125.12,,21463.63,,,,,,,,,,,3726.08,,,,,,,,,,4746923.76
2013-04-24,1080772.03,,39120.59,,11264.49,,,,,,,,,,,,,,,,,,,,,1131157.11
2013-04-25,,,25,,48624.49,,,,,,,,,,,,,,,,,,,,,48649.49
2013-04-26,2777.4,,20,,223266.14,,,,,,,,,,,,,,,,,,,,,226063.54
2013-04-29,1206.56,,,,85158.97,,,,,,,,,,,5488.33,,,,,,,,,,91853.86
2013-04-30,,,,,68030.81,,,,,,,,,,500,367.19,,,,,,,,,,68898
2013-05-09,,,,,6297.89,,,,,,,,,,,,,,,,,,,,,6297.89
2013-05-10,241812,,,,15507.6,,,,,,,,,,,14742.97,,,,,,,,,,272062.57
2013-05-13,,,,,65492.43,,,,,,,,,,,357,,,,,,,,,,65849.43
2013-05-14,,,,,8996.81,,,,,65298.38,,,,,,10239.71,,,,,,,,,,84534.9
2013-05-15,341.32,,,,26915.71,,,,,,,,,,,2467.61,,,,,,,,,,29724.64
2013-05-16,,,,,49971.6,,,,,,,,,,,,,,,,,,,,,49971.6
2013-05-17,,,,,17060.3,,,,,,,,,,,2105.62,,,,,,,,,,19165.92
2013-05-18,,,,,7892.7,,,,,,,,,,,1359.62,,,,,,,,,,9252.32
2013-05-20,2635944.51,,129126.4,,25,,,,,,,,,,,,,,,,,,,,,2765095.91
2013-05-21,1306302.91,,91698.07,,2743.21,,,,,,,,,,,,,,,,,,,,,1400744.19
2013-05-22,1282032.77,,53312,,9172.17,,,,,,,,,,,2803.41,,,,,,,,,,1347320.35
2013-05-23,32620,,,,4932.1,,,,,,,,,,,,,,,,,,,,,37552.1
2013-05-28,29861.16,,,,95716.81,,,,,,,,,,,2835.04,,,,,,,,,,128413.01
2013-05-29,76008.85,,,,71866.07,,,,,,,,,,,1538.11,,,,,,,,,,149413.03
2013-05-30,,,,,12601.64,,,,,,,,,,,652.39,,,,,,,,,,13254.03
2013-05-31,50,,,,66296.39,,,,,,,,,,,1357.75,,,,,,,,,,67704.14
2013-06-06,,,,,22711.29,,,,,,,,,,,11572.47,,,,,,,,,,34283.76
2013-06-07,2491.02,,,,5287.61,,,,,,,,,,,2339.91,,,,,,,,,,10118.54
2013-06-10,,,,,21166.49,,,,,,,,,,,,,,,,,,,,,21166.49
2013-06-11,186522.5,,,,33689.43,,,,,,,,,,,152.7,,,,,,,,,,220364.63
2013-06-12,57675,,,,38389.07,,,,,,,,,,,10441.74,,,,,,,,,,106505.81
2013-06-13,,,,,2771.18,,,,,,,,,,,1018.15,,,,,,,,,,3789.33
2013-06-14,,,,,4367.98,,,,,,,,,,,,,,,,,,,,,4367.98
2013-06-17,,,,,9311.92,,,,,,,,,,,3339.08,,,,,,,,,,12651
2013-06-18,1428.2,,,,30044.81,,,,,,,,,,,170.9,,,,,,,,,,31643.91
2013-06-19,,,,,10316.72,,,,,,,,,,,,,,,,,,,,,10316.72
2013-06-20,,,,,80518.34,,,,,,,,,,,1780,,,,,,,,,,82298.34
2013-06-21,3118311.71,,179847.82,,36308.26,,,,,,,,,,,,,,,,,,,,,3334467.79
2013-06-24,2179723.91,,97022.87,,6145.88,,,,,,,,,,,,,,,,,,,,,2282892.66
2013-06-25,70115.11,,,,4085.45,,,,,,,,,,,1436.98,,,,,,,,,,75637.54
2013-06-26,,,,,6429.31,,,,,,,,,,,,,,,,,,,,,6429.31
2013-06-27,,,,,47548.46,,,,,,,,,,,,,,,,,,,,,47548.46
2013-06-28,,,25,,29147.05,,,,,,,,,,,2081.36,,,,,,,,,,31253.41
2013-07-02,,,,,4000,,,,,,,,,,,,,,,,,,,,,4000
2013-07-03,1000,,,,63567.28,,,,,,,,,,,10548.44,,,,,,,,,,75115.72
2013-07-04,1193.84,,,,32174.97,,,,,,,,,,,2235.57,,,,,,,,,,35604.38
2013-07-05,,,,,1647.4,,,,,,,,,,,,,,,,,,,,,1647.4
2013-07-09,118185,,,,10057.83,,,,,,,,,,,,,,,,,,,,,128242.83
2013-07-10,120925,,,,9413.6,,,,,,,,,,,420.8,,,,,,,,,,130759.4
2013-07-11,8425,,,,16348.17,,,,,,,,,,,,,,,,,,,,,24773.17
2013-07-12,,,,,14772.62,,,,,,,,,,,24723.78,,,,,,,,,,39496.4
2013-07-15,,,,,47627.5,,,,,,,,,,,2577.5,,,,,,,,,,50205
2013-07-16,,,,,36904.64,,,,,,,,,,,6695.89,,,,,,,,,,43600.53
2013-07-17,,,,,11719.36,,,,,,,,,,,372.59,,,,,,,,,,12091.95
2013-07-18,,,,,160,,,,,,,,,,,,,,,,,,,,,160
2013-07-19,1686,,,,685001.7,,,,,,,,,,,,,,,,,,,,,686687.7
2013-07-22,,,,,3304.52,,,,,,,,,,,,,,,,,,,,,3304.52
2013-07-23,5160061.59,,231430.19,,2038,,,,,,,,,,,,,,,,,,,,,5393529.78
2013-07-24,1622801.37,,52661.09,,1040.75,,,,,,,,,,,,,,,,,,,,,1676503.21
2013-07-25,452.76,,,,11705.87,,,,,,,,,,,2801.4,,,,,,,,,,14960.03
2013-07-26,10428.8,,,,87133.8,,,,,,,,,,,,,,,,,,,,,97562.6
2013-07-29,36469.12,,,,58578.17,,,,,,,,,,,5089.99,,,,,,,,,,100137.28
2013-07-30,36872,,,,39255.51,,,,,,,,,,,633.84,,,,,,,,,,76761.35
2013-07-31,,,,,8036.75,,,,,,,,,,,136.86,,,,,,,,,,8173.61
2013-08-02,,,,,2200.38,,,,,,,,,,,,,,,,,,,,,2200.38
2013-08-05,,,,,20512.17,,,,,,,,,,,10785.33,,,,,,,,,,31297.5
2013-08-06,,,,,19262.15,,,,,,,,,,,,,,,,,,,,,19262.15
2013-08-07,43886.24,,,,2917.12,,,,,,,,,,,1027.04,,,,,,,,,,47830.4
2013-08-08,202140,,,,11270.19,,,,,,,,,,,,,,,,,,,,,213410.19
2013-08-09,2737.08,,,,14119.81,,,,,,,,,,,552.26,,,,,,,,,,17409.15
2013-08-12,1805.59,,,,12517.95,,,,,,,,,,,2936.12,,,,,,,,,,17259.66
2013-08-13,809.37,,,,9087.84,,,,,,,,,,,6393.27,,,,,,,,,,16290.48
2013-08-14,948.12,,,,18979.6,,,,,,,,,,,4800.27,,,,,,,,,,24727.99
2013-08-15,1566.95,,,,21864.46,,,,,,,,,,,244.42,,,,,,,,,,23675.83
2013-08-16,,,,,7468.73,,,,,,,,,,,,,,,,,,,,,7468.73
2013-08-19,,,,,10202.13,,,,,,,,,,,,,,,,,,,,,10202.13
2013-08-20,,,,,3239,,,,,,,,,,,,,,,,,,,,,3239
2013-08-21,,,,,4912.23,,,,,,,,,,,,,,,,,,,,,4912.23
2013-08-22,2227834.54,,106957.41,,,,,,,,,,,,,,,,,,,,,,,2334791.95
2013-08-23,3052196.16,,175880.16,,2115.54,,,,,,,,,,,2413.04,,,,,,,,,,3232604.9
2013-08-26,,,,,9518.9,,,,,,,,,,,1610.64,,,,,,,,,,11129.54
2013-08-27,51556.8,,,,8683.74,,,,,,,,,,,,,,,,,,,,,60240.54
2013-08-28,,,,,10348.99,,,,,,,,,,,,,,,,,,,,,10348.99
2013-08-29,785.04,,,,126170.99,,,,,,,,,,,42.05,,,,,,,,,,126998.08
2013-08-30,920,,,,114018.31,,,,,,,,,,,1919.22,,,,,,,,,,116857.53
2013-09-05,2338.39,,,,12294.63,,,,,,,,,,,15245.55,,,,,,,,,,29878.57
2013-09-09,,,,,75401.06,,,,,,,,,,,,,,,,,,,,,75401.06
2013-09-10,102610,,,,21224.53,,,,,,,,,,,,,,,,,,,,,123834.53
2013-09-11,145035,,,,14203.57,,,,,,,,,,,3162.62,,,,,,,,,,162401.19
2013-09-12,,,,,3098.57,,,,,,,,,,,608.45,,,,,,,,,,3707.02
2013-09-13,,,,,6723.59,,,,,,,,,,,267.38,,,,,,,,,,6990.97
2013-09-16,4436.97,,,,13173.16,,,,,,,,,,,8461.57,,,,,,,,,,26071.7
2013-09-17,1128.12,,,,6975.18,,,,,,,,,,,2100.04,,,,,,,,,,10203.34
2013-09-18,1100,,,,340482.12,,,,,,,,,,,172.5,,,,,,,,,,341754.62
2013-09-19,,,,,4478.29,,,,,,,,,,,527.19,,,,,,,,,,5005.48
2013-09-20,,,,,8280.08,,,,,,,,,,,1827.16,,,,,,,,,,10107.24
2013-09-23,,,,,74814.63,,,,,,,,,,,3002.99,,,,,,,,,,77817.62
2013-09-24,3239753.89,,157695.95,,10603.23,,,,,,,,,,,2676.15,,,,,,,,,,3410729.22
2013-09-25,2079105.51,,128468.1,,34301.3,,,,,,,,,,,5465.05,,,,,,,,,,2247339.96
2013-09-26,7144.58,,,,45175,,,,,,,,,,,3226.51,,,,,,,,,,55546.09
2013-09-27,133,,,,1457.89,,,,,,,,,,,2125.58,,,,,,,,,,3716.47
2013-09-30,21148.58,,,,393000.95,,,,,,,,,,,6586.25,,,,,,,,,,420735.78
2013-10-04,,,,,2670,,,,,,,,,,,,,,,,,,,,,2670
2013-10-07,,,,,14312.69,,,,,,,,,,,4667.23,,,,,,,,,,18979.92
2013-10-08,,,,,6219.17,,,,,,,,,,,2951.05,,,,,,,,,,9170.22
2013-10-09,82215,,100,,1104.03,,,,,,,,,,,398.34,,,,,,,,,,83817.37
2013-10-10,156820,,,,16509.11,,,,,,,,,,,2180.81,,,,,,,,,,175509.92
2013-10-11,6285,,,,11462.49,,,,,,,,,,,5039.24,,,,,,,,,,22786.73
2013-10-14,,,,,16522.21,,,,,,,,,,,4076.77,,,,,,,,,,20598.98
2013-10-15,,,,,1593.03,,,,,,,,,,,22.7,,,,,,,,,,1615.73
2013-10-16,,,,,5011.74,,,,,,,,,,,4953.92,,,,,,,,,,9965.66
2013-10-17,,,,,3954.73,,,,,,,,,,,,,,,,,,,,,3954.73
2013-10-18,,,,,6503.25,,,,,,,,,,,2713,,,,,,,,,,9216.25
2013-10-21,,,,,6345.41,,,,,,,,,,,,,,,,,,,,,6345.41
2013-10-22,,,,,3452.91,,,,,,,,,,,2185.2,,,,,,,,,,5638.11
2013-10-23,3124530.52,,163229.64,,7720,,,,,,,,,,,,,,,,,,,,,3295480.16
2013-10-24,1742186.14,,107519.02,,14329.66,,,,,,,,,,,726.48,,,,,,,,,,1864761.3
2013-10-25,715101.13,,19004.52,,7194.23,,,,,,,,,,,11948.82,,,,,,,,,,753248.7
2013-10-28,83848.09,,,,7842.77,,,,,,,,,,,3072,,,,,,,,,,94762.86
2013-10-29,,,,,,,,,,,,,,,,2086.48,,,,,,,,,,2086.48
2013-10-30,,,,,1900.33,,,,,,,,,,,895.75,,,,,,,,,,2796.08
2013-10-31,317.03,,,,620.81,,,,,,,,,,,6119.73,,,,,,,,,,7057.57
2013-11-01,,,49.69,,796352.41,,,,,,,,,,,,,,,,,,,,,796402.1
2013-11-08,7720,,,,61689.48,,,,,,,,,,,,,,,,,,,,,69409.48
2013-11-11,238715,,,,62593.96,,,,,,,,,,,985.7,,,,,,,,,,302294.66
2013-11-12,8389.6,,,,32165.59,,,,,,,,,,,10340.57,,,,,,,,,,50895.76
2013-11-13,1133.46,,,,5318.91,,,,,,,,,,,438.14,,,,,,,,,,6890.51
2013-11-14,,,,,6034.96,,,,,,,,,,,2163.27,,,,,,,,,,8198.23
2013-11-15,,,,,1085.23,,,,,,,,,,,,,,,,,,,,,1085.23
2013-11-18,1817266.72,,,,245660.13,,,,,,,,,,,5317.61,,,,,,,,,,2068244.46
2013-11-19,,,,,8134.3,,,,,,,,,,,,,,,,,,,,,8134.3
2013-11-20,,,,,52436.26,,,,,,,,,,,,,,,,,,,,,52436.26
2013-11-21,,,,,28593.36,,,,,,,,,,,4485.25,,,,,,,,,,33078.61
2013-11-22,1266.78,,,,33768.53,,,,,,,,,,,2887.9,,,,,,,,-78733.66,,-40810.45
2013-11-25,3989112.69,,237785.38,,69463.24,,,30,,,,,,,,3669.74,,,,,,,,,,4300061.05
2013-11-26,1339634,,50653.13,,156502.68,,,,,,,,,,,1772.82,,,,,,,,,,1548562.63
2013-11-27,108180.72,,,,7952.43,,,,,,,,,,,2200,,,,,,,,,,118333.15
2013-11-28,9090.84,,,,234968.27,,,,,,,,,,,3649.02,,,,,,,,,,247708.13
2013-11-29,33744,,,,260084.43,,,,,7805.39,,,,,,8356.06,,,,,,,,,,309989.88
2013-12-03,,,,,2806.09,,,,,,,,,,,105.1,,,,,,,,,,2911.19
2013-12-04,,,,,28208.46,,,,,,,,,,,,,,,,,,,,,28208.46
2013-12-05,,,,,11283.51,,,,,,,,,,,,,,,,,,,,,11283.51
2013-12-06,,,,,85020.48,,,,,,,,,,,2420.76,,,,,,,,,,87441.24
2013-12-09,,,,,38593.28,,,,,,,,,,,1153.51,,,,,,,,,,39746.79
2013-12-10,3905.02,,,,9121.77,,,,,,,,,,,,,,,,,,,,,13026.79
2013-12-11,1531.8,,,,63677.53,,,,,,,,,,,6657.64,,,,,,,,,,71866.97
2013-12-12,,,,,500,,,,,,,,,,,1600.88,,,,,,,,,,2100.88
2013-12-13,7167.49,,,,29147.23,,,,,,,,,,,975.37,,,,,,,,,,37290.09
2013-12-14,,,,,44780.31,,,,,,,,,,,1949.64,,,,,,,,,,46729.95
2013-12-16,265,,,,65926.9,,,,,,,,,,,6253.91,,,,,,,,,,72445.81
2013-12-17,5277265.52,,237761.64,,22854.78,,,,,,,,,,,,,,,,,,,-20584.79,,5517297.15
2013-12-18,1797976.86,,50041.7,,505626.62,,,,,,,,,,,13736.69,,,,,,,,,,2367381.87
2013-12-19,183888.61,,,,1121346.57,,,,,134623.41,,,,,,1062.16,,,,,,,,,,1440920.75
2013-12-20,4489.95,,,,790860.58,,,,,,,,,,,519.56,,,,,,,,-28345.81,,767524.28
2014-01-09,245535,,,,19520,,,,,,,,,,,1000,,,,,,,,,,266055
2014-01-10,,,,,84500,,,,,,,,,,,,,,,,,,,,,84500
2014-01-13,,,,,7868.85,,,,,,,,,,,,,,,,,,,,,7868.85
2014-01-14,,,,,1357.86,,,,,,,,,,,,,,,,,,,,,1357.86
2014-01-15,,,,,14064.3,,,,,,,,,,,3999.93,,,,,,,,,,18064.23
2014-01-16,,,,,9394.26,,,,,,,,,,,,,,,,,,,,,9394.26
2014-01-17,,,,,,,,,,,,,,,,3105.16,,,,,,,,,,3105.16
2014-01-22,,,,,,,,,,,,,,,,,,,,,,,,-7878.32,,-7878.32
2014-01-23,4475666.24,,236842.68,,175749.2,,,,,,,,,,,,,,,,,,,,,4888258.12
